region,total_kwh,share_of_total
Montréal,3606248478.456228,0.30122176320691635
Montérégie,1698407865.1084561,0.14186416017330833
Capitale-Nationale,1369357716.6714287,0.1143793469420999
Laurentides,851549546.3,0.07112800388739189
Chaudière-Appalaches,805411360.3985134,0.06727418577379266
Laval,803256710.2419355,0.06709421272891354
Outaouais,678651920.1,0.05668625697799726
Lanaudière,542270394.5,0.045294617201786576
Estrie,413723183.90999997,0.034557360004848645
Centre-du-Québec,388001763.39285713,0.03240890803692517
Abitibi-Témiscamingue,231569812.25098723,0.019342501651909847
Bas-Saint-Laurent,188867298.0,0.015775657405626173
Mauricie,179713960.06778207,0.015011099830727247
Gaspésie--Îles-de-la-Madeleine,101550756.0,0.00848230452229129
Saguenay--Lac-Saint-Jean,73514967.0,0.006140538599635781
Nord-du-Québec,20004221.0,0.0016709072481273736
Côte-Nord,19971520.0,0.0016681758077018247
