id,name,name_fr,abbreviation,category,cogeneration_type,status,capacity_mw,commissioning_date,region,lat,lon,promoter,call_for_tenders_ref,website
22,Rivière-du-Moulin wind farm,Parc éolien de la Rivière-du-Moulin,Rivière-du-Moulin,Wind farm,,In service,350.0,"Phase-1 : 2014-11-27, phase- 2 : 2015-11-14.",Saguenay-Lac-Saint-Jean,47.967776,-71.086603,EDF Énergies Nouvelles Canada,AO 2005-03,http://www.edf-fr.ca/
80,Pohénégamook-Picard-St-Antonin-Wolastokuk  wind farm,Parc éolien Pohénégamook-Picard-St-Antonin-Wolastokuk,PPAW,Wind farm,,Planned,349.8,2026-12-01,Bas-Saint-Laurent,47.643806,-69.320449,promoteur Énergie éolienne PPAW INC.,AO 2021-01,http://www.invenergyllc.com/projects/overview
10,Lac-Alfred wind farm,Parc éolien du Lac-Alfred,Lac-Alfred,Wind farm,,In service,300.0,"Phase-1 : 2013-01-19, phase-2 : 2013-08-31.",Bas-Saint-Laurent,48.38917,-67.751679,EDF EN / Enbridge / MRC La Mitis / MRC Matapédia,AO 2005-03,http://www.edf-fr.ca/
89,Peshu Napeu wind farm,Parc éolien Peshu Napeu,Peshu Napeu,Wind farm,,Planned,300.0,2029-12-01,Côte-Nord,49.4931,-68.4058,"promoteur Société pour le développement du parc éolien Peshu Napeu, S.E.C.",AO 2023-01,www.innergex.com
92,Pohénégamook-Picard-St-Antonin-Wolastokuk wind farm 2,Parc éolien Pohénégamook-Picard-St-Antonin-Wolastokuk 2,PPAW2,Wind farm,,Planned,291.4,2029-12-01,Bas-Saint-Laurent,47.4505,-69.1443,promoteur Énergie éolienne PPAW 2 S.E.C,AO 2023-01,http://www.invenergyllc.com/projects/overview
78,Madawaska wind farm,Parc éolien de la Madawaska,Madawaska,Wind farm,,Planned,270.0,2026-12-01,Bas-Saint-Laurent,47.473429,-68.620272,promoteur Parc éolien de la Madawaska S.E.C,AO 2021-01,http://www.edf-re.com
86,Arthabaska wind farm,Parc éolien Arthabaska,Arthabaska,Wind farm,,Planned,265.2,2029-12-01,Centre-du-Québec,45.5658,-72.0739,promoteur Parc éolien Arthabaska S.E.C.,AO 2023-01,http://www.boralex.com/fr/
36,Nicolas Riou wind farm,Parc éolien Nicolas-Riou,Nicolas-Riou,Wind farm,,In service,224.25,2018-01-06,Bas-Saint-Laurent,48.127625,-68.868579,Parc éolien Nicolas-Riou SEC,AO 2013-01,http://www.edf-fr.ca/
7,Gros-Morne wind farm,Parc éolien de Gros-Morne,Gros-Morne,Wind farm,,In service,211.5,"Phase-1 : 2011-11-29, phase-2 : 2012-11-06.",Gaspésie–Îles-de-la-Madeleine,49.206341,-65.448274,Cartier Énergie éolienne,AO 2003-02,http://www.cartierenergie.com/
93,Saint-Paul-de-Montminy wind farm,Parc éolien Saint-Paul-de-Montminy,SPDM,Wind farm,,Planned,196.0,2027-12-01,Chaudière-Appalaches,46.807935,-70.336073,promoteur Kruger Énergie Saint-Paul-de-Montminy S.E.C.,AO 2023-01,http://www.krugerenergie.com/
81,Forêt Domaniale wind farm,Parc éolien de la Forêt Domaniale,Forêt Domaniale,Wind farm,,Planned,180.0,2026-12-01,Chaudière-Appalaches,46.92319,-70.366556,promoteur Parc éolien de la Forêt Domaniale S.E.C,AO 2021-02,http://www.edf-re.com
5,Des Moulins wind farm,Parc éolien Des Moulins,Des Moulins,Wind farm,,In service,156.85,2013-12-07,Chaudière-Appalaches,46.173945,-71.351327,Énergie éolienne Des Moulins SEC,AO 2005-03,http://www.invenergyllc.com/projects/overview
15,Massif du Sud wind farm,Parc éolien du Massif du Sud,Massif du Sud,Wind farm,,In service,150.0,2013-01-18,Chaudière-Appalaches,46.580435,-70.439851,EDF EN / Enbridge,AO 2005-03,http://www.edf-fr.ca/
87,Broughton wind farm,Parc éolien Broughton,Broughton,Wind farm,,Planned,150.0,2029-12-01,Chaudière-Appalaches,46.113,-71.1309,promoteur Parc éolien Broughton S.E.C.,AO 2023-01,
21,Mesgi'g Ugju's'n wind farm,Parc éolien Mesgi'g Ugju's'n,Mesgi'g Ugju's'n,Wind farm,,In service,149.25,2016-12-30,Gaspésie–Îles-de-la-Madeleine,48.248763,-66.72793,Parc éolien Mesgi'g Ugju's'n (MU) SEC,<a href='http://www2.publicationsduquebec.gouv.qc.ca/dynamicSearch/telecharge.php?type=1&file=61202.pdf'>Dispense - D-191-2014</a>,http://eolienmu.com
37,Mont Sainte-Marguerite wind farm,Parc éolien Mont Sainte-Marguerite,Mont Sainte-Marguerite,Wind farm,,In service,147.2,2018-03-03,Chaudière-Appalaches,46.3359,-71.1418,Parc éolien Mont-Sainte-Marguerite SEC,AO 2013-01,http://patternenergy.com/en/about/
88,Les Jardins wind farm,Parc éolien Les Jardins,Les Jardins,Wind farm,,Planned,147.0,2028-12-01,Montérégie,45.1209,-73.3106,promoteur Kruger Énergie Les Jardins S.E.C.,AO 2023-01,http://www.krugerenergie.com/
29,Seigneurie de Beaupré 3 wind farm,Parc éolien de la Seigneurie de Beaupré 3,Seigneurie de Beaupré 3,Wind farm,,In service,140.6,2013-12-10,Capitale-Nationale,47.32968,-70.911213,Boralex SEC Gaz Métro Éole,AO 2005-03,http://www.seigneuriedebeaupre.com/parcs/index.php
13,Le Plateau wind farm,Parc éolien Le Plateau,Le Plateau 1,Wind farm,,In service,138.6,2012-03-28,Gaspésie–Îles-de-la-Madeleine,48.037483,-67.466206,Énergie éolienne Le Plateau SEC,AO 2005-03,http://www.invenergyllc.com/projects/overview
27,Saint-Ulric-Saint-Léandre wind farm,Parc éolien de Saint-Ulric-Saint-Léandre,Saint-Ulric-Saint-Léandre,Wind farm,,In service,133.3,2009-11-20,Bas-Saint-Laurent,48.72693,-67.630719,Northland Power,AO 2003-02,http://www.northlandpower.ca
28,Seigneurie de Beaupré 2 wind farm,Parc éolien de la Seigneurie de Beaupré 2,Seigneurie de Beaupré 2,Wind farm,,In service,131.2,2013-11-28,Capitale-Nationale,47.372097,-70.860923,Boralex SEC Gaz Métro Éole,AO 2005-03,http://www.seigneuriedebeaupre.com/parcs/index.php
82,Canton Mac Nider wind farm,Parc éolien Canton MacNider,Canton Mac Nider,Wind farm,,Planned,122.32,2026-12-01,Bas-Saint-Laurent,48.620604,-67.881931,promoteur Parc éolien Canton MacNider S.E.C,AO 2021-02,https://cantonmacniderwind.com/
77,Haute-Chaudière wind farm,Parc éolien de la Haute-Chaudière,Haute-Chaudière,Wind farm,,Planned,120.0,2026-12-01,Estrie,45.574098,-70.726993,promoteur Parc éolien de la Haute-Chaudière S.E.C.,AO 2021-01,http://www.edf-re.com
1,Baie-des-Sables wind farm,Parc éolien de Baie-des-Sables,Baie-des-Sables,Wind farm,,In service,109.5,2006-11-22,Bas-Saint-Laurent,48.70221,-67.872489,Cartier Énergie éolienne,AO 2003-02,http://www.cartierenergie.com/
2,Carleton wind farm,Parc éolien de Carleton,Carleton,Wind farm,,In service,109.5,2008-11-22,Gaspésie–Îles-de-la-Madeleine,48.202737,-66.128295,Cartier Énergie éolienne,AO 2003-02,http://www.cartierenergie.com/
79,Mesgi'g Ugju's'n wind farm 2,Parc éolien Mesgi'g Ugju's'n 2,Mesgi'g Ugju's'n 2,Wind farm,,Planned,102.24,2026-12-01,Gaspésie–Îles-de-la-Madeleine,48.249942,-66.685285,promoteur Parc éolien Mesgi'g Ugju's'n 2 (MU2) S.E.C,AO 2021-01,www.innergex.com
17,Montérégie wind farm,Parc éolien Montérégie,Montérégie,Wind farm,,In service,101.2,2012-12-12,Montérégie,45.288,-73.6348,Kruger Énergie Montérégie SEC,AO 2005-03,http://www.krugerenergie.com/
34,Vents du Kempt wind farm,Parc éolien Vents du Kempt,Vents du Kempt,Wind farm,,In service,101.05,2014-12-03,Bas-Saint-Laurent,48.312126,-67.109828,Vents du Kempt SEC,AO 2005-03,http://www.ventsdukempt.com/
11,L'Anse-à-Valleau wind farm,Parc éolien de L'Anse-à-Valleau,Anse-à-Valleau,Wind farm,,In service,100.5,2007-11-10,Gaspésie–Îles-de-la-Madeleine,49.093801,-64.653599,Cartier Énergie éolienne,AO 2003-02,http://www.cartierenergie.com/
18,Mont-Louis wind farm,Parc éolien Mont-Louis,Mont-Louis,Wind farm,,In service,100.5,2011-09-17,Gaspésie–Îles-de-la-Madeleine,49.200931,-65.657287,Northland Power,AO 2003-02,http://www.northlandpower.ca
4,De L'Érable wind farm,Parc éolien de L'Érable,L'Érable,Wind farm,,In service,100.0,2013-11-16,Centre-du-Québec,46.096983,-71.647639,éoliennes de L'Érable,AO 2005-03,http://www.eoliennesdelerable.com/
90,Monnoir wind farm,Parc éolien Monnoir,Monnoir,Wind farm,,Planned,100.0,2027-12-01,Montérégie,45.225,-73.0608,promoteur Parc éolien Monnoir S.E.C.,AO 2023-01,http://www.boralex.com/fr/
91,Lotbinière Ndakina wind farm,Parc éolien Lotbinière Ndakina,Lotbinière Ndakina,Wind farm,,Planned,100.0,2028-12-01,Chaudière-Appalaches,46.3429,-71.4111,promoteur Parc éolien Lotbinière Ndakina S.E.C.,AO 2023-01,www.innergex.com
26,Saint-Robert-Bellarmin wind farm,Parc éolien de Saint-Robert-Bellarmin,Saint-Robert-Bellarmin,Wind farm,,In service,80.0,2012-10-11,Estrie,45.692345,-70.549036,EDF Énergies Nouvelles Canada,AO 2005-03,http://www.edf-fr.ca/
35,Roncevaux wind farm,Parc éolien Roncevaux,Roncevaux,Wind farm,,In service,74.8,2016-12-31,Gaspésie–Îles-de-la-Madeleine,48.130269,-67.416312,Énergie éolienne Roncevaux SEC,AO 2013-01,http://www.invenergyllc.com/projects/overview
3,Mont-Rothery wind farm,Parc éolien Mont-Rothery,Mont-Rothery,Wind farm,,In service,74.0,2015-12-01,Gaspésie–Îles-de-la-Madeleine,48.978875,-65.373544,EDF Énergies Nouvelles Canada,AO 2005-03,http://www.edf-fr.ca/
30,Seigneurie de Beaupré 4 wind farm,Parc éolien de la Seigneurie de Beaupré 4,Seigneurie de Beaupré 4,Wind farm,,In service,67.9,2014-12-01,Capitale-Nationale,47.2667,-70.9389,Boralex SEC Gaz Métro Éole,AO 2005-03,http://www.seigneuriedebeaupre.com/parcs/index.php
19,New Richmond wind farm,Parc éolien de New Richmond,New Richmond,Wind farm,,In service,67.8,2013-03-13,Gaspésie–Îles-de-la-Madeleine,48.213114,-65.686046,Venterre NRG inc.,AO 2005-03,http://www.transaltarenewables.com
16,Montagne Sèche wind farm,Parc éolien de Montagne Sèche,Montagne Sèche,Wind farm,,In service,58.5,2011-11-25,Gaspésie–Îles-de-la-Madeleine,49.17918,-64.953448,Cartier Énergie éolienne,AO 2003-02,http://www.cartierenergie.com/
32,Témiscouata 2 wind farm,Parc éolien de Témiscouata 2,Témiscouata 2,Wind farm,,In service,51.7,2015-11-11,Bas-Saint-Laurent,47.616389,-69.128611,Boralex inc.,AO 2005-03,http://www.boralex.com/fr/
9,La Mitis wind farm,Parc éolien de La Mitis,La Mitis,Wind farm,,In service,24.6,2014-10-17,Bas-Saint-Laurent,48.358704,-67.821154,EDF Énergies Nouvelles Canada,AO 2009-02,http://www.edf-fr.ca/
12,Le Granit wind farm,Parc éolien Le Granit,Le Granit,Wind farm,,In service,24.6,2014-11-14,Estrie,45.694479,-70.571248,EDF Énergies Nouvelles Canada,AO 2009-02,http://www.edf-fr.ca/
20,Pierre-De Saurel wind farm,Parc éolien Pierre-De Saurel,Pierre-De Saurel,Wind farm,,In service,24.6,2016-12-28,Montérégie,45.977865,-72.926574,MRC de Pierre-De Saurel,AO 2009-02,http://www.eoliennespierredesaurel.com/
38,Viger-Denonville wind farm,Parc éolien Viger-Denonville,Viger-Denonville,Wind farm,,In service,24.6,2013-11-19,Bas-Saint-Laurent,47.918452,-69.21765,Innergex énergie renouvelable inc.,AO 2009-02,http://www.eolienvigerdenonville.com/
6,Frampton wind farm,Parc éolien Frampton,Frampton,Wind farm,,In service,24.0,2015-12-15,Chaudière-Appalaches,46.438045,-70.741843,éoliennes Frampton SEC,AO 2009-02,http://www.boralex.com/fr/
23,Des Cultures wind farm,Parc éolien Des Cultures,Des Cultures,Wind farm,,In service,24.0,2022-01-29,Montérégie,45.116556,-73.411698,Énergies Durables KahnawÃ :ke inc.,AO 2009-02,http://www.ksenergies.ca
25,Saint-Philémon wind farm,Parc éolien de Saint-Philémon,Saint-Philémon,Wind farm,,In service,24.0,2015-01-16,Chaudière-Appalaches,46.665826,-70.361363,Parc éolien Saint-Philémon SEC,AO 2009-02,http://www.capstoneinfrastructure.com/Home
33,Belle-Rivière wind farm,Parc éolien Belle-Rivière,Belle-Rivière,Wind farm,,In service,24.0,2021-01-31,Saguenay-Lac-Saint-Jean,48.46501,-71.757324,Val-Éo SEC,AO 2009-02,http://www.val-eo.com/
8,Côte-de-Beaupré wind farm,Parc éolien Côte-de-Beaupré,Côte-de-Beaupré,Wind farm,,In service,23.5,2015-11-19,Capitale-Nationale,47.311169,-70.881464,éoliennes Côte-de-Beaupré SEC,AO 2009-02,http://www.boralex.com/fr/
24,Saint-Damase wind farm,Parc éolien de Saint-Damase,Saint-Damase,Wind farm,,In service,23.5,2014-12-02,Bas-Saint-Laurent,48.629464,-67.865536,Corporation Fleur de Lis éoliennes Saint-Damase Commandité,AO 2009-02,http://st-damase-eoliennes.com/index.php
31,Témiscouata wind farm,Parc éolien de Témiscouata,Témiscouata 1,Wind farm,,In service,23.5,2014-12-01,Bas-Saint-Laurent,47.641956,-69.106522,éoliennes Témiscouata SEC,AO 2009-02,http://www.boralex.com/fr/
14,Le Plateau 2 wind farm,Parc éolien Le Plateau 2,Le Plateau 2,Wind farm,,In service,21.15,2014-12-12,Gaspésie–Îles-de-la-Madeleine,48.061459,-67.464064,Énergie éolienne communautaire Le Plateau SEC,AO 2009-02,http://www.invenergyllc.com/projects/overview
85,Grosse-Île wind farm,Parc éolien de Grosse-Île,PEDGI,Wind farm,,Planned,16.8,2025-10-01,Gaspésie–Îles-de-la-Madeleine,47.579214,-61.619156,promoteur Parc éolien de Grosse-Île S.E.C.,Gré à gré,
74,Dune-du-Nord wind farm,Parc éolien de la Dune-du-Nord,Dune-du-Nord,Wind farm,,In service,6.0,2020-12-29,Gaspésie–Îles-de-la-Madeleine,47.57,-61.63694,,AP 2015-01,
83,GWR Wind farm,Parc éolien GWR,GWR,Wind farm,,Planned,2.0,2025-12-01,Nord-du-Québec,55.1741954,-77.4028571,promoteur 9415-1610 Québec Inc.,Gré à gré,
