pypsa_bus,mpc_bus_id
133,1
651,2
2858,3
1519,4
240,5
43,6
136,7
2208,8
460,9
1665,10
203,11
312,12
684,13
1236,14
340,15
1217,16
3048,17
131,18
1204,19
1542,20
113,21
286,22
1245,23
1518,24
1010,25
1016,26
271,27
452,28
305,29
233,30
1800,31
3233,32
1138,33
3038,34
3362,35
2397,36
111,37
1374,38
112,39
1189,40
181,41
3859,42
1092,43
1237,44
1234,45
64,46
321,47
1306,48
2810,49
2842,50
1011,51
42,52
2280,53
109,54
1548,55
138,56
1372,57
1523,58
308,59
1717,60
3046,61
1081,62
178,63
311,64
1520,65
1772,66
297,67
603,68
2818,69
339,70
3059,71
743,72
2811,73
166,74
1538,75
468,76
1305,77
3319,78
330,79
653,80
194,81
1669,82
1188,83
469,84
1130,85
3067,86
1715,87
1,88
2812,89
3582,90
1810,91
367,92
1881,93
1539,94
1112,95
618,96
156,97
465-735kv,98
453,99
135,100
2234,101
1693,102
1005,103
1358,104
3540,105
3066,106
1803,107
1131,108
1246,109
3358,110
159,111
1675,112
2892,113
3554,114
457,115
1804,116
1638,117
979,118
1962,119
2202,120
3835,121
180,122
1677,123
800,124
3060,125
676,126
1718,127
2817,128
459,129
1106,130
141,131
84,132
2944,133
3719,134
958,135
310,136
451,137
565,138
582,139
66,140
801,141
1377,142
1036,143
162,144
169,145
710,146
3373,147
677,148
1137,149
345,150
1806,151
2207,152
263,153
2719,154
2732,155
2913,156
1405,157
1940,158
1762,159
195,160
24,161
349,162
1716,163
2973,164
1235,165
3047,166
1281,167
3227,168
2850,169
45,170
2813,171
1321,172
25,173
3837,174
462,175
114,176
686,177
1302,178
454,179
147,180
298,181
1664,182
1291,183
1033,184
2,185
456,186
132,187
1293,188
150,189
1370,190
1706,191
1391,192
3078,193
3836,194
148,195
306,196
1543,197
85,198
1674,199
186,200
