voltage_kv,length_km,sil_mw,loadability_pu_of_sil,s_nom_mva_per_circuit
69,10,13.602857142857147,3.5,47.610000000000014
69,25,13.602857142857147,3.5,47.610000000000014
69,50,13.602857142857147,3.5,47.610000000000014
69,75,13.602857142857147,3.5,47.610000000000014
69,100,13.602857142857147,3.5,47.610000000000014
69,150,13.602857142857147,2.599480995771254,35.36036863104841
69,200,13.602857142857147,1.9591347405774504,26.649829999683554
69,300,13.602857142857147,1.3244721630854248,18.016605624142027
69,400,13.602857142857147,1.0131173540727796,13.781290636401442
69,500,13.602857142857147,0.8314794274487889,11.310495868810529
69,600,13.602857142857147,0.7151531486771742,9.728126116720079
69,700,13.602857142857147,0.6366674224304549,8.660495994832562
69,800,13.602857142857147,0.5824315009660676,7.922732503141281
69,900,13.602857142857147,0.5450618944362904,7.414399084031941
69,1000,13.602857142857147,0.5203283639977042,7.077952402837345
69,1200,13.602857142857147,0.5001252173719247,6.80313188545067
69,1500,13.602857142857147,0.49999999999999994,6.8014285714285725
120,10,41.14285714285715,3.5,144.00000000000003
120,25,41.14285714285715,3.5,144.00000000000003
120,50,41.14285714285715,3.5,144.00000000000003
120,75,41.14285714285715,3.5,144.00000000000003
120,100,41.14285714285715,3.5,144.00000000000003
120,150,41.14285714285715,2.599480995771254,106.95007525458877
120,200,41.14285714285715,1.9591347405774504,80.60440075518655
120,300,41.14285714285715,1.3244721630854248,54.49256899551463
120,400,41.14285714285715,1.0131173540727796,41.6825425675658
120,500,41.14285714285715,0.8314794274487889,34.20943930075018
120,600,41.14285714285715,0.7151531486771742,29.423443831289458
120,700,41.14285714285715,0.6366674224304549,26.194316808567294
120,800,41.14285714285715,0.5824315009660676,23.962896039746784
120,900,41.14285714285715,0.5450618944362904,22.425403656807383
120,1000,41.14285714285715,0.5203283639977042,21.40779554733412
120,1200,41.14285714285715,0.5001252173719247,20.57658037187348
120,1500,41.14285714285715,0.49999999999999994,20.571428571428573
161,10,68.21315789473684,3.5,238.74605263157895
161,25,68.21315789473684,3.5,238.74605263157895
161,50,68.21315789473684,3.5,238.74605263157895
161,75,68.21315789473684,3.5,238.74605263157895
161,100,68.21315789473684,3.5,238.74605263157895
161,150,68.21315789473684,2.5987104918835993,177.26624910556518
161,200,68.21315789473684,1.958559792089459,133.59954834408123
161,300,68.21315789473684,1.3240946653890273,90.32067847776047
161,400,68.21315789473684,1.0128407526531482,69.0890661829533
161,500,68.21315789473684,0.8312654828653782,56.7032436351407
161,600,68.21315789473684,0.7149832011818256,48.77126199430026
161,700,68.21315789473684,0.636531365702254,43.419814553600325
161,800,68.21315789473684,0.5823237015830453,39.72213860193188
161,900,68.21315789473684,0.5449794518605763,37.17476939915262
161,1000,68.21315789473684,0.5202703429238472,35.489283049813274
161,1200,68.21315789473684,0.5001200673581282,34.11476912102642
161,1500,68.21315789473684,0.49999999999999994,34.10657894736841
230,10,139.21052631578945,3.5,487.23684210526307
230,25,139.21052631578945,3.5,487.23684210526307
230,50,139.21052631578945,3.5,487.23684210526307
230,75,139.21052631578945,3.5,487.23684210526307
230,100,139.21052631578945,3.5,487.23684210526307
230,150,139.21052631578945,2.5987104918835993,361.7678553174799
230,200,139.21052631578945,1.958559792089459,272.65213947771673
230,300,139.21052631578945,1.3240946653890273,184.3279152607356
230,400,139.21052631578945,1.0128407526531482,140.99809425092508
230,500,139.21052631578945,0.8312654828653782,115.72090537783815
230,600,139.21052631578945,0.7149832011818256,99.53318774346991
230,700,139.21052631578945,0.636531365702254,88.61186643591903
230,800,139.21052631578945,0.5823237015830453,81.06558898353444
230,900,139.21052631578945,0.5449794518605763,75.86687632480127
230,1000,139.21052631578945,0.5202703429238472,72.42710826492504
230,1200,139.21052631578945,0.5001200673581282,69.62197779801309
230,1500,139.21052631578945,0.49999999999999994,69.60526315789471
315,10,342.1551724137932,3.5,1197.5431034482763
315,25,342.1551724137932,3.5,1197.5431034482763
315,50,342.1551724137932,3.5,1197.5431034482763
315,75,342.1551724137932,3.5,1197.5431034482763
315,100,342.1551724137932,3.5,1197.5431034482763
315,150,342.1551724137932,2.694742550672408,922.0201020361026
315,200,342.1551724137932,2.0302323180656856,694.6544888278197
315,300,342.1551724137932,1.3711811666250195,469.15672847712966
315,400,342.1551724137932,1.0473759410621575,358.3650956961814
315,500,342.1551724137932,0.8580192186929494,293.57571370623424
315,600,342.1551724137932,0.7362876660821348,251.92463333448222
315,700,342.1551724137932,0.653655744180744,223.65169384942877
315,800,342.1551724137932,0.5959837509070202,203.91892304741066
315,900,342.1551724137932,0.5555560081069988,190.08636173936887
315,1000,342.1551724137932,0.5279075915531073,180.62631300640373
315,1200,342.1551724137932,0.501515962712879,171.5962806902946
315,1500,342.1551724137932,0.49999999999999994,171.07758620689657
735,10,2077.788461538462,3.5,7272.259615384617
735,25,2077.788461538462,3.5,7272.259615384617
735,50,2077.788461538462,3.5,7272.259615384617
735,75,2077.788461538462,3.5,7272.259615384617
735,100,2077.788461538462,3.5,7272.259615384617
735,150,2077.788461538462,2.6373051910869743,5479.762295596003
735,200,2077.788461538462,1.9873613004377821,4129.3163789576965
735,300,2077.788461538462,1.3430096375741578,2790.4899286865366
735,400,2077.788461538462,1.026705731230559,2133.2773217462645
735,500,2077.788461538462,0.8419965353125811,1749.4906857278431
735,600,2077.788461538462,0.723516083580155,1503.3133702003433
735,700,2077.788461538462,0.6433739032651206,1336.7948726592301
735,800,2077.788461538462,0.5877603520913705,1221.2416777252333
735,900,2077.788461538462,0.5491587425990292,1141.035698925233
735,1000,2077.788461538462,0.5232437659582418,1087.1898594799663
735,1200,2077.788461538462,0.5005035394228537,1039.9404791719662
735,1500,2077.788461538462,0.49999999999999994,1038.8942307692307
